id,channel,question,first_response_hours,status,note
L01,TikTok,"Не зрозуміла, що входить за €100",36,lost,Вигадана вибірка 20 із 200 заявок; не доказ причинності
L02,Instagram,Скільки часу потрібно на тиждень?,3,pending,Вигадана вибірка 20 із 200 заявок; не доказ причинності
L03,TikTok,Покажіть перший урок,4,paid,Вигадана вибірка 20 із 200 заявок; не доказ причинності
L04,Instagram,"Це підійде, якщо я з нуля?",5,lost,Вигадана вибірка 20 із 200 заявок; не доказ причинності
L05,TikTok,"Класне відео, але я не шукаю навчання",36,lost,Вигадана вибірка 20 із 200 заявок; не доказ причинності
L06,Instagram,А чи є підтримка?,2,pending,Вигадана вибірка 20 із 200 заявок; не доказ причинності
L07,TikTok,Як оплатити?,3,lost,Вигадана вибірка 20 із 200 заявок; не доказ причинності
L08,Instagram,"Боюся, що не розберусь",4,pending,Вигадана вибірка 20 із 200 заявок; не доказ причинності
L09,TikTok,Коли отримаю відповідь?,36,lost,Вигадана вибірка 20 із 200 заявок; не доказ причинності
L10,Instagram,"Я вже працюю, хочу складніші задачі",6,paid,Вигадана вибірка 20 із 200 заявок; не доказ причинності
L11,TikTok,"Не зрозуміла, що входить за €100",2,pending,Вигадана вибірка 20 із 200 заявок; не доказ причинності
L12,Instagram,Скільки часу потрібно на тиждень?,3,pending,Вигадана вибірка 20 із 200 заявок; не доказ причинності
L13,TikTok,Покажіть перший урок,36,lost,Вигадана вибірка 20 із 200 заявок; не доказ причинності
L14,Instagram,"Це підійде, якщо я з нуля?",5,pending,Вигадана вибірка 20 із 200 заявок; не доказ причинності
L15,TikTok,"Класне відео, але я не шукаю навчання",6,pending,Вигадана вибірка 20 із 200 заявок; не доказ причинності
L16,Instagram,А чи є підтримка?,2,lost,Вигадана вибірка 20 із 200 заявок; не доказ причинності
L17,TikTok,Як оплатити?,36,lost,Вигадана вибірка 20 із 200 заявок; не доказ причинності
L18,Instagram,"Боюся, що не розберусь",4,pending,Вигадана вибірка 20 із 200 заявок; не доказ причинності
L19,TikTok,Коли отримаю відповідь?,5,lost,Вигадана вибірка 20 із 200 заявок; не доказ причинності
L20,Instagram,"Я вже працюю, хочу складніші задачі",6,pending,Вигадана вибірка 20 із 200 заявок; не доказ причинності
