id,post_id,text,source_note
C01,P01,"Не зрозуміла, що входить за €100",Вигадана навчальна цитата
C02,P02,Скільки часу потрібно на тиждень?,Вигадана навчальна цитата
C03,P03,Покажіть перший урок,Вигадана навчальна цитата
C04,P04,"Це підійде, якщо я з нуля?",Вигадана навчальна цитата
C05,P05,"Класне відео, але я не шукаю навчання",Вигадана навчальна цитата
C06,P06,А чи є підтримка?,Вигадана навчальна цитата
C07,P07,Як оплатити?,Вигадана навчальна цитата
C08,P08,"Боюся, що не розберусь",Вигадана навчальна цитата
C09,P09,Коли отримаю відповідь?,Вигадана навчальна цитата
C10,P10,"Я вже працюю, хочу складніші задачі",Вигадана навчальна цитата
C11,P11,"Не зрозуміла, що входить за €100",Вигадана навчальна цитата
C12,P12,Скільки часу потрібно на тиждень?,Вигадана навчальна цитата
C13,P13,Покажіть перший урок,Вигадана навчальна цитата
C14,P14,"Це підійде, якщо я з нуля?",Вигадана навчальна цитата
C15,P15,"Класне відео, але я не шукаю навчання",Вигадана навчальна цитата
C16,P16,А чи є підтримка?,Вигадана навчальна цитата
C17,P17,Як оплатити?,Вигадана навчальна цитата
C18,P18,"Боюся, що не розберусь",Вигадана навчальна цитата
C19,P19,Коли отримаю відповідь?,Вигадана навчальна цитата
C20,P20,"Я вже працюю, хочу складніші задачі",Вигадана навчальна цитата
C21,P21,"Не зрозуміла, що входить за €100",Вигадана навчальна цитата
C22,P22,Скільки часу потрібно на тиждень?,Вигадана навчальна цитата
C23,P23,Покажіть перший урок,Вигадана навчальна цитата
C24,P24,"Це підійде, якщо я з нуля?",Вигадана навчальна цитата
C25,P25,"Класне відео, але я не шукаю навчання",Вигадана навчальна цитата
C26,P26,А чи є підтримка?,Вигадана навчальна цитата
C27,P27,Як оплатити?,Вигадана навчальна цитата
C28,P28,"Боюся, що не розберусь",Вигадана навчальна цитата
C29,P29,Коли отримаю відповідь?,Вигадана навчальна цитата
C30,P30,"Я вже працюю, хочу складніші задачі",Вигадана навчальна цитата
C31,P01,"Не зрозуміла, що входить за €100",Вигадана навчальна цитата
C32,P02,Скільки часу потрібно на тиждень?,Вигадана навчальна цитата
C33,P03,Покажіть перший урок,Вигадана навчальна цитата
C34,P04,"Це підійде, якщо я з нуля?",Вигадана навчальна цитата
C35,P05,"Класне відео, але я не шукаю навчання",Вигадана навчальна цитата
C36,P06,А чи є підтримка?,Вигадана навчальна цитата
C37,P07,Як оплатити?,Вигадана навчальна цитата
C38,P08,"Боюся, що не розберусь",Вигадана навчальна цитата
C39,P09,Коли отримаю відповідь?,Вигадана навчальна цитата
C40,P10,"Я вже працюю, хочу складніші задачі",Вигадана навчальна цитата
C41,P11,"Не зрозуміла, що входить за €100",Вигадана навчальна цитата
C42,P12,Скільки часу потрібно на тиждень?,Вигадана навчальна цитата
C43,P13,Покажіть перший урок,Вигадана навчальна цитата
C44,P14,"Це підійде, якщо я з нуля?",Вигадана навчальна цитата
C45,P15,"Класне відео, але я не шукаю навчання",Вигадана навчальна цитата
C46,P16,А чи є підтримка?,Вигадана навчальна цитата
C47,P17,Як оплатити?,Вигадана навчальна цитата
C48,P18,"Боюся, що не розберусь",Вигадана навчальна цитата
C49,P19,Коли отримаю відповідь?,Вигадана навчальна цитата
C50,P20,"Я вже працюю, хочу складніші задачі",Вигадана навчальна цитата
C51,P21,"Не зрозуміла, що входить за €100",Вигадана навчальна цитата
C52,P22,Скільки часу потрібно на тиждень?,Вигадана навчальна цитата
C53,P23,Покажіть перший урок,Вигадана навчальна цитата
C54,P24,"Це підійде, якщо я з нуля?",Вигадана навчальна цитата
C55,P25,"Класне відео, але я не шукаю навчання",Вигадана навчальна цитата
C56,P26,А чи є підтримка?,Вигадана навчальна цитата
C57,P27,Як оплатити?,Вигадана навчальна цитата
C58,P28,"Боюся, що не розберусь",Вигадана навчальна цитата
C59,P29,Коли отримаю відповідь?,Вигадана навчальна цитата
C60,P30,"Я вже працюю, хочу складніші задачі",Вигадана навчальна цитата
C61,P01,"Не зрозуміла, що входить за €100",Вигадана навчальна цитата
C62,P02,Скільки часу потрібно на тиждень?,Вигадана навчальна цитата
C63,P03,Покажіть перший урок,Вигадана навчальна цитата
C64,P04,"Це підійде, якщо я з нуля?",Вигадана навчальна цитата
C65,P05,"Класне відео, але я не шукаю навчання",Вигадана навчальна цитата
C66,P06,А чи є підтримка?,Вигадана навчальна цитата
C67,P07,Як оплатити?,Вигадана навчальна цитата
C68,P08,"Боюся, що не розберусь",Вигадана навчальна цитата
C69,P09,Коли отримаю відповідь?,Вигадана навчальна цитата
C70,P10,"Я вже працюю, хочу складніші задачі",Вигадана навчальна цитата
