id,platform,topic,format,views,profile_visits,attributed_leads,note
P01,Instagram,Як проходить перший крок,short video,4831,181,7,Навчальні вигадані дані; заявки можуть повторюватись між контактами
P02,TikTok,Приклад задачі з уроку,short video,7562,312,10,Навчальні вигадані дані; заявки можуть повторюватись між контактами
P03,Instagram,Розважальний тренд,carousel,60093,63,1,Навчальні вигадані дані; заявки можуть повторюватись між контактами
P04,TikTok,Відповіді про ціну,short video,4024,179,8,Навчальні вигадані дані; заявки можуть повторюватись між контактами
P05,Instagram,Що входить у пакет,short video,6355,235,9,Навчальні вигадані дані; заявки можуть повторюватись між контактами
P06,TikTok,Як проходить перший крок,carousel,4986,186,7,Навчальні вигадані дані; заявки можуть повторюватись між контактами
P07,Instagram,Приклад задачі з уроку,short video,7717,317,10,Навчальні вигадані дані; заявки можуть повторюватись між контактами
P08,TikTok,Розважальний тренд,short video,60248,68,1,Навчальні вигадані дані; заявки можуть повторюватись між контактами
P09,Instagram,Відповіді про ціну,carousel,4179,184,8,Навчальні вигадані дані; заявки можуть повторюватись між контактами
P10,TikTok,Що входить у пакет,short video,6510,240,9,Навчальні вигадані дані; заявки можуть повторюватись між контактами
P11,Instagram,Як проходить перший крок,short video,5141,191,7,Навчальні вигадані дані; заявки можуть повторюватись між контактами
P12,TikTok,Приклад задачі з уроку,carousel,7872,322,10,Навчальні вигадані дані; заявки можуть повторюватись між контактами
P13,Instagram,Розважальний тренд,short video,60403,73,1,Навчальні вигадані дані; заявки можуть повторюватись між контактами
P14,TikTok,Відповіді про ціну,short video,4334,189,8,Навчальні вигадані дані; заявки можуть повторюватись між контактами
P15,Instagram,Що входить у пакет,carousel,6665,245,9,Навчальні вигадані дані; заявки можуть повторюватись між контактами
P16,TikTok,Як проходить перший крок,short video,5296,196,7,Навчальні вигадані дані; заявки можуть повторюватись між контактами
P17,Instagram,Приклад задачі з уроку,short video,8027,327,10,Навчальні вигадані дані; заявки можуть повторюватись між контактами
P18,TikTok,Розважальний тренд,carousel,60558,78,1,Навчальні вигадані дані; заявки можуть повторюватись між контактами
P19,Instagram,Відповіді про ціну,short video,4489,194,8,Навчальні вигадані дані; заявки можуть повторюватись між контактами
P20,TikTok,Що входить у пакет,short video,6820,250,9,Навчальні вигадані дані; заявки можуть повторюватись між контактами
P21,Instagram,Як проходить перший крок,carousel,5451,201,7,Навчальні вигадані дані; заявки можуть повторюватись між контактами
P22,TikTok,Приклад задачі з уроку,short video,8182,332,10,Навчальні вигадані дані; заявки можуть повторюватись між контактами
P23,Instagram,Розважальний тренд,short video,60713,83,1,Навчальні вигадані дані; заявки можуть повторюватись між контактами
P24,TikTok,Відповіді про ціну,carousel,4644,199,8,Навчальні вигадані дані; заявки можуть повторюватись між контактами
P25,Instagram,Що входить у пакет,short video,6975,255,9,Навчальні вигадані дані; заявки можуть повторюватись між контактами
P26,TikTok,Як проходить перший крок,short video,5606,206,7,Навчальні вигадані дані; заявки можуть повторюватись між контактами
P27,Instagram,Приклад задачі з уроку,carousel,8337,337,10,Навчальні вигадані дані; заявки можуть повторюватись між контактами
P28,TikTok,Розважальний тренд,short video,60868,88,1,Навчальні вигадані дані; заявки можуть повторюватись між контактами
P29,Instagram,Відповіді про ціну,short video,4799,204,8,Навчальні вигадані дані; заявки можуть повторюватись між контактами
P30,TikTok,Що входить у пакет,carousel,7130,260,9,Навчальні вигадані дані; заявки можуть повторюватись між контактами
